feed_id,target_entity,category,threat_level,risk_score,bitcoin_address,onion_url,intercept_date,intel_summary,source_credibility
INTEL-5978F919,LockBit 3.0 Ransomware Syndicate,ransomware,CRITICAL,98,bc1qa1fa66687f3743ad8098201d274cde86,http://atgiqhgjrsnvnq7q.onion,2026-06-17,Autonomous Tor scraper extracted BTC deposit wallet for LockBit 3.0 Ransomware Syndicate from hidden service atgiqhgjrsnvnq7q.onion.,95%
INTEL-B2ACA7DD,BlackCat / ALPHV Ransomware Group,ransomware,CRITICAL,96,bc1qae21131c387e4e6db6e21438009fe1dc,http://3rcaviqk43ahejcx.onion,2026-06-19,Autonomous Tor scraper extracted BTC deposit wallet for BlackCat / ALPHV Ransomware Group from hidden service 3rcaviqk43ahejcx.onion.,94%
INTEL-326B7C9F,Conti Ransomware Locker,ransomware,HIGH,92,bc1qa4a984a514e540e199bdd3ed73a033e1,http://3ictxcwnpgw2jpkl.onion,2026-06-15,Autonomous Tor scraper extracted BTC deposit wallet for Conti Ransomware Locker from hidden service 3ictxcwnpgw2jpkl.onion.,92%
INTEL-E5F374DB,Hive Ransomware Collector,ransomware,CRITICAL,95,bc1q75eb4afe4c604d7bad1ec36f3471f793,http://lv2prkgyc6om5wto.onion,2026-06-15,Autonomous Tor scraper extracted BTC deposit wallet for Hive Ransomware Collector from hidden service lv2prkgyc6om5wto.onion.,93%
INTEL-5D4449A2,DarkSide / BlackMatter Ransomware,ransomware,HIGH,90,bc1q2aa7ef1357094fecbf9f3b9682ce2768,http://mzvrerwzvbhqlqcg.onion,2026-06-28,Autonomous Tor scraper extracted BTC deposit wallet for DarkSide / BlackMatter Ransomware from hidden service mzvrerwzvbhqlqcg.onion.,91%
INTEL-D904345F,Clop Ransomware Group Treasury,ransomware,CRITICAL,97,bc1q110fa2c7d8f341f68938a567268423bf,http://wu3hymqc3amx3evu.onion,2026-06-18,Autonomous Tor scraper extracted BTC deposit wallet for Clop Ransomware Group Treasury from hidden service wu3hymqc3amx3evu.onion.,96%
INTEL-DFFB2EE7,Hydra Market Vendor Vault,darknet_market,CRITICAL,99,bc1q39c9ce87d6db4bedab611800d6dc5d6a,http://tt2uzsim2yltzats.onion,2026-06-28,Autonomous Tor scraper extracted BTC deposit wallet for Hydra Market Vendor Vault from hidden service tt2uzsim2yltzats.onion.,98%
INTEL-0E5E1AF1,Silk Road 3.0 Narcotics Escrow,darknet_market,HIGH,93,bc1q7cfe42e358ee48d79f6cfd815125dabb,http://u544n6kfsvfptomj.onion,2026-06-16,Autonomous Tor scraper extracted BTC deposit wallet for Silk Road 3.0 Narcotics Escrow from hidden service u544n6kfsvfptomj.onion.,92%
INTEL-9B6C5552,Bohemia Darknet Market Escrow,darknet_market,CRITICAL,96,bc1q46006270b6964d39a6b2bbaac7085412,http://p6e52my7zpjag3ol.onion,2026-06-29,Autonomous Tor scraper extracted BTC deposit wallet for Bohemia Darknet Market Escrow from hidden service p6e52my7zpjag3ol.onion.,95%
INTEL-13218A36,Russian Market Carding Payout,darknet_market,HIGH,91,bc1q116f9b352a11438280e0388078ce2d4b,http://dph5i5u434k64qpr.onion,2026-06-30,Autonomous Tor scraper extracted BTC deposit wallet for Russian Market Carding Payout from hidden service dph5i5u434k64qpr.onion.,90%
INTEL-AC823C7E,ASAP Market Automated Deposit,darknet_market,HIGH,89,bc1q3993be9daa35479da9e156d6efaf857a,http://pr4esprvufijoyjn.onion,2026-06-28,Autonomous Tor scraper extracted BTC deposit wallet for ASAP Market Automated Deposit from hidden service pr4esprvufijoyjn.onion.,89%
INTEL-E9980F92,Mega Darknet Market Treasury,darknet_market,CRITICAL,97,bc1q209f0dd9569b428db59a01d1f0f0a741,http://2v52dn2yby6awty2.onion,2026-06-22,Autonomous Tor scraper extracted BTC deposit wallet for Mega Darknet Market Treasury from hidden service 2v52dn2yby6awty2.onion.,96%
INTEL-A1F5727C,Tornado Cash Multi-Chain Relayer,mixer,CRITICAL,98,bc1q8adf8ccd7a3c400db5d533c7b8cfef2b,http://7or37byvzk5ibzbf.onion,2026-06-28,Autonomous Tor scraper extracted BTC deposit wallet for Tornado Cash Multi-Chain Relayer from hidden service 7or37byvzk5ibzbf.onion.,99%
INTEL-19F965F4,Sinbad.io Bitcoin Tumbler Pool,mixer,CRITICAL,97,bc1q3507bf6418eb4c9a9da95d89b6d8d387,http://i5ldqyun5uvyr2qf.onion,2026-06-15,Autonomous Tor scraper extracted BTC deposit wallet for Sinbad.io Bitcoin Tumbler Pool from hidden service i5ldqyun5uvyr2qf.onion.,98%
INTEL-C56EB59D,Blender.io Obfuscation Engine,mixer,CRITICAL,96,bc1q33673bba4b7d4072affa16a00bebb0aa,http://dwoecbpmbjpi6hn5.onion,2026-06-23,Autonomous Tor scraper extracted BTC deposit wallet for Blender.io Obfuscation Engine from hidden service dwoecbpmbjpi6hn5.onion.,97%
INTEL-D1C8EEFC,ChipMixer Micro-Split Pool,mixer,CRITICAL,95,bc1q2042a6ab55b949a8b72900d2cb29c789,http://xkhktgbtyzmepgth.onion,2026-06-16,Autonomous Tor scraper extracted BTC deposit wallet for ChipMixer Micro-Split Pool from hidden service xkhktgbtyzmepgth.onion.,96%
INTEL-893BE37A,Wasabi CoinJoin Coordinator Hub,mixer,HIGH,85,bc1q7837f635672642cab4e1d39ef1808c91,http://w3xeva27g3x5j3lr.onion,2026-06-30,Autonomous Tor scraper extracted BTC deposit wallet for Wasabi CoinJoin Coordinator Hub from hidden service w3xeva27g3x5j3lr.onion.,88%
INTEL-28341CF5,YoMix Automated Tumbler Pool,mixer,HIGH,90,bc1q5dd89e6b95ed483ab80bf27565597126,http://53rupfr4p5yvb7ul.onion,2026-06-21,Autonomous Tor scraper extracted BTC deposit wallet for YoMix Automated Tumbler Pool from hidden service 53rupfr4p5yvb7ul.onion.,91%
INTEL-B58B24AF,Al-Qassam Brigades Cryptopool,terror_financing,CRITICAL,100,bc1q4446efc9ff9643278714ecb7bbb6fcb6,http://wqvrramfp27p674b.onion,2026-06-24,Autonomous Tor scraper extracted BTC deposit wallet for Al-Qassam Brigades Cryptopool from hidden service wqvrramfp27p674b.onion.,99%
INTEL-88F2108D,ISIS-Khurasan Crypto Procurement,terror_financing,CRITICAL,99,bc1q42ca0e092d1d439eae6b59a0fdcd523a,http://ozptx6w3vw5rtqoh.onion,2026-06-21,Autonomous Tor scraper extracted BTC deposit wallet for ISIS-Khurasan Crypto Procurement from hidden service ozptx6w3vw5rtqoh.onion.,98%
INTEL-691421B5,Hamas Virtual Asset Campaign,terror_financing,CRITICAL,98,bc1qe6bd41170fd44bdab5a335e89b6e816e,http://uhlmn6rsgmsoxlta.onion,2026-06-19,Autonomous Tor scraper extracted BTC deposit wallet for Hamas Virtual Asset Campaign from hidden service uhlmn6rsgmsoxlta.onion.,97%
INTEL-795F0502,PlusToken Ponzi Scheme Reserve,scam,HIGH,92,bc1qf2cd46baf13b416298bd386181b51fde,http://s664vldq6hez7edj.onion,2026-06-24,Autonomous Tor scraper extracted BTC deposit wallet for PlusToken Ponzi Scheme Reserve from hidden service s664vldq6hez7edj.onion.,93%
INTEL-1239D391,Pig-Butchering Fraud Network Alpha,scam,CRITICAL,95,bc1q8d0d6d81deb74ffe82064f4cee088fc5,http://fph2oy44t3tdgnnq.onion,2026-06-17,Autonomous Tor scraper extracted BTC deposit wallet for Pig-Butchering Fraud Network Alpha from hidden service fph2oy44t3tdgnnq.onion.,94%
INTEL-65CA5C52,BitConnect Recovery Scam Vault,scam,MEDIUM,78,bc1q6fa9a0378ef0495db04f9306fef341b0,http://kpleka246scoss5e.onion,2026-06-22,Autonomous Tor scraper extracted BTC deposit wallet for BitConnect Recovery Scam Vault from hidden service kpleka246scoss5e.onion.,85%
INTEL-A72BFD94,OneCoin Illicit Liquidation Wallet,scam,HIGH,88,bc1qb83e8ce60bcd4a528da9f45a18c9d6f3,http://qm3hojrjedkts4h5.onion,2026-06-24,Autonomous Tor scraper extracted BTC deposit wallet for OneCoin Illicit Liquidation Wallet from hidden service qm3hojrjedkts4h5.onion.,90%
